test,shapiro_stat,pvalue,is_normal
Loi-normale-Test-1,0.9639482021309311,6.286744082090188e-22,False
Loi-normale-Test-2,0.2608882349902276,7.04938990116743e-67,False
